{
  "month": {
    "precision": 1.0,
    "recall": 1.0,
    "f1-score": 1.0,
    "support": 54,
    "confused_with": {}
  },
  "study_mode": {
    "precision": 1.0,
    "recall": 1.0,
    "f1-score": 1.0,
    "support": 36,
    "confused_with": {}
  },
  "purpose": {
    "precision": 1.0,
    "recall": 0.9,
    "f1-score": 0.9473684210526316,
    "support": 30,
    "confused_with": {}
  },
  "grade.current_grade": {
    "precision": 1.0,
    "recall": 1.0,
    "f1-score": 1.0,
    "support": 129,
    "confused_with": {}
  },
  "fee_type": {
    "precision": 1.0,
    "recall": 1.0,
    "f1-score": 1.0,
    "support": 106,
    "confused_with": {}
  },
  "grade.upgraded_grade": {
    "precision": 0.9795918367346939,
    "recall": 1.0,
    "f1-score": 0.9896907216494846,
    "support": 48,
    "confused_with": {}
  },
  "upgradation_mode": {
    "precision": 1.0,
    "recall": 1.0,
    "f1-score": 1.0,
    "support": 323,
    "confused_with": {}
  },
  "subject": {
    "precision": 1.0,
    "recall": 1.0,
    "f1-score": 1.0,
    "support": 18,
    "confused_with": {}
  },
  "micro avg": {
    "precision": 0.9986522911051213,
    "recall": 0.9959677419354839,
    "f1-score": 0.9973082099596231,
    "support": 744
  },
  "macro avg": {
    "precision": 0.9974489795918368,
    "recall": 0.9875,
    "f1-score": 0.9921323928377646,
    "support": 744
  },
  "weighted avg": {
    "precision": 0.9986833443054641,
    "recall": 0.9959677419354839,
    "f1-score": 0.9972126441811213,
    "support": 744
  },
  "accuracy": 0.9991841729553335
}