{
  "grade": {
    "precision": 0.9767441860465116,
    "recall": 0.9545454545454546,
    "f1-score": 0.9655172413793104,
    "support": 44,
    "confused_with": {
      "grade.current_grade": 1
    }
  },
  "fee_type": {
    "precision": 1.0,
    "recall": 1.0,
    "f1-score": 1.0,
    "support": 106,
    "confused_with": {}
  },
  "subject": {
    "precision": 1.0,
    "recall": 1.0,
    "f1-score": 1.0,
    "support": 18,
    "confused_with": {}
  },
  "grade.current_grade": {
    "precision": 0.9925373134328358,
    "recall": 0.9925373134328358,
    "f1-score": 0.9925373134328358,
    "support": 134,
    "confused_with": {}
  },
  "study_mode": {
    "precision": 1.0,
    "recall": 1.0,
    "f1-score": 1.0,
    "support": 36,
    "confused_with": {}
  },
  "upgradation_mode": {
    "precision": 1.0,
    "recall": 1.0,
    "f1-score": 1.0,
    "support": 291,
    "confused_with": {}
  },
  "purpose": {
    "precision": 1.0,
    "recall": 1.0,
    "f1-score": 1.0,
    "support": 26,
    "confused_with": {}
  },
  "month": {
    "precision": 0.9642857142857143,
    "recall": 1.0,
    "f1-score": 0.9818181818181818,
    "support": 54,
    "confused_with": {}
  },
  "micro avg": {
    "precision": 0.9943661971830986,
    "recall": 0.995768688293371,
    "f1-score": 0.9950669485553206,
    "support": 709
  },
  "macro avg": {
    "precision": 0.9916959017206327,
    "recall": 0.9933853459972863,
    "f1-score": 0.992484092078791,
    "support": 709
  },
  "weighted avg": {
    "precision": 0.9944261957087096,
    "recall": 0.995768688293371,
    "f1-score": 0.9950647961056015,
    "support": 709
  },
  "accuracy": 0.998766447368421
}