{
  "study_mode": {
    "precision": 1.0,
    "recall": 1.0,
    "f1-score": 1.0,
    "support": 44,
    "confused_with": {}
  },
  "fee_type": {
    "precision": 1.0,
    "recall": 1.0,
    "f1-score": 1.0,
    "support": 112,
    "confused_with": {}
  },
  "subject": {
    "precision": 1.0,
    "recall": 1.0,
    "f1-score": 1.0,
    "support": 17,
    "confused_with": {}
  },
  "grade.current_grade": {
    "precision": 1.0,
    "recall": 0.9921875,
    "f1-score": 0.996078431372549,
    "support": 128,
    "confused_with": {
      "grade.upgraded_grade": 1
    }
  },
  "upgradation_mode": {
    "precision": 1.0,
    "recall": 1.0,
    "f1-score": 1.0,
    "support": 184,
    "confused_with": {}
  },
  "grade.upgraded_grade": {
    "precision": 0.9387755102040817,
    "recall": 1.0,
    "f1-score": 0.968421052631579,
    "support": 46,
    "confused_with": {}
  },
  "micro avg": {
    "precision": 0.9943714821763602,
    "recall": 0.9981167608286252,
    "f1-score": 0.9962406015037594,
    "support": 531
  },
  "macro avg": {
    "precision": 0.9897959183673469,
    "recall": 0.9986979166666666,
    "f1-score": 0.9940832473340214,
    "support": 531
  },
  "weighted avg": {
    "precision": 0.9946961835581689,
    "recall": 0.9981167608286252,
    "f1-score": 0.9963190350974367,
    "support": 531
  },
  "accuracy": 0.9992677568952892
}