{
  "study_mode": {
    "precision": 0.7708333333333334,
    "recall": 0.9135802469135802,
    "f1-score": 0.8361581920903954,
    "support": 81,
    "confused_with": {}
  },
  "grade": {
    "precision": 0.7551020408163265,
    "recall": 0.8809523809523809,
    "f1-score": 0.8131868131868131,
    "support": 42,
    "confused_with": {
      "grade.current_grade": 4
    }
  },
  "subject": {
    "precision": 1.0,
    "recall": 0.84,
    "f1-score": 0.9130434782608696,
    "support": 25,
    "confused_with": {
      "subject.current_grade": 1
    }
  },
  "purpose": {
    "precision": 0.7619047619047619,
    "recall": 0.7441860465116279,
    "f1-score": 0.7529411764705882,
    "support": 43,
    "confused_with": {
      "upgradation_mode": 2
    }
  },
  "month": {
    "precision": 0.8709677419354839,
    "recall": 1.0,
    "f1-score": 0.9310344827586207,
    "support": 54,
    "confused_with": {}
  },
  "grade.current_grade": {
    "precision": 0.9020979020979021,
    "recall": 0.9485294117647058,
    "f1-score": 0.9247311827956989,
    "support": 136,
    "confused_with": {
      "grade": 3
    }
  },
  "upgradation_mode": {
    "precision": 0.8366013071895425,
    "recall": 0.9142857142857143,
    "f1-score": 0.8737201365187712,
    "support": 140,
    "confused_with": {}
  },
  "fee_type": {
    "precision": 0.9380530973451328,
    "recall": 1.0,
    "f1-score": 0.9680365296803652,
    "support": 106,
    "confused_with": {}
  },
  "micro avg": {
    "precision": 0.8556701030927835,
    "recall": 0.9266347687400319,
    "f1-score": 0.889739663093415,
    "support": 627
  },
  "macro avg": {
    "precision": 0.8544450230778105,
    "recall": 0.9051917250535011,
    "f1-score": 0.8766064989702653,
    "support": 627
  },
  "weighted avg": {
    "precision": 0.8583557807833196,
    "recall": 0.9266347687400319,
    "f1-score": 0.8900433994351713,
    "support": 627
  },
  "accuracy": 0.9704788978788541
}