{
  "subject": {
    "precision": 1.0,
    "recall": 0.8928571428571429,
    "f1-score": 0.9433962264150945,
    "support": 28,
    "confused_with": {
      "upgradation_mode": 1
    }
  },
  "fee_type": {
    "precision": 0.9344262295081968,
    "recall": 1.0,
    "f1-score": 0.9661016949152543,
    "support": 114,
    "confused_with": {}
  },
  "grade.upgraded_grade": {
    "precision": 0.8148148148148148,
    "recall": 0.9565217391304348,
    "f1-score": 0.8800000000000001,
    "support": 46,
    "confused_with": {
      "grade.current_grade": 2
    }
  },
  "study_mode": {
    "precision": 0.8715953307392996,
    "recall": 0.9613733905579399,
    "f1-score": 0.9142857142857144,
    "support": 233,
    "confused_with": {}
  },
  "grade.current_grade": {
    "precision": 0.900709219858156,
    "recall": 0.9136690647482014,
    "f1-score": 0.9071428571428571,
    "support": 139,
    "confused_with": {
      "grade.upgraded_grade": 8
    }
  },
  "upgradation_mode": {
    "precision": 0.9358600583090378,
    "recall": 0.9582089552238806,
    "f1-score": 0.9469026548672567,
    "support": 335,
    "confused_with": {}
  },
  "micro avg": {
    "precision": 0.9076433121019108,
    "recall": 0.9553072625698324,
    "f1-score": 0.9308655416439848,
    "support": 895
  },
  "macro avg": {
    "precision": 0.9095676088715842,
    "recall": 0.9471050487529332,
    "f1-score": 0.9263048579376963,
    "support": 895
  },
  "weighted avg": {
    "precision": 0.9092731673759598,
    "recall": 0.9553072625698324,
    "f1-score": 0.9311335257116438,
    "support": 895
  },
  "accuracy": 0.9791481019426127
}