{
  "grade.upgraded_grade": {
    "precision": 0.9787234042553191,
    "recall": 1.0,
    "f1-score": 0.989247311827957,
    "support": 46,
    "confused_with": {}
  },
  "subject": {
    "precision": 1.0,
    "recall": 1.0,
    "f1-score": 1.0,
    "support": 27,
    "confused_with": {}
  },
  "study_mode": {
    "precision": 0.9914893617021276,
    "recall": 1.0,
    "f1-score": 0.9957264957264957,
    "support": 233,
    "confused_with": {}
  },
  "upgradation_mode": {
    "precision": 1.0,
    "recall": 1.0,
    "f1-score": 1.0,
    "support": 333,
    "confused_with": {}
  },
  "grade.current_grade": {
    "precision": 1.0,
    "recall": 1.0,
    "f1-score": 1.0,
    "support": 139,
    "confused_with": {}
  },
  "fee_type": {
    "precision": 1.0,
    "recall": 1.0,
    "f1-score": 1.0,
    "support": 114,
    "confused_with": {}
  },
  "micro avg": {
    "precision": 0.9966480446927374,
    "recall": 1.0,
    "f1-score": 0.9983212087297145,
    "support": 892
  },
  "macro avg": {
    "precision": 0.9950354609929078,
    "recall": 1.0,
    "f1-score": 0.9974956345924088,
    "support": 892
  },
  "weighted avg": {
    "precision": 0.9966797061349107,
    "recall": 1.0,
    "f1-score": 0.9983292038658739,
    "support": 892
  },
  "accuracy": 0.9994636152333274
}