{
  "upgradation_mode": {
    "precision": 1.0,
    "recall": 1.0,
    "f1-score": 1.0,
    "support": 314,
    "confused_with": {}
  },
  "subject": {
    "precision": 1.0,
    "recall": 1.0,
    "f1-score": 1.0,
    "support": 27,
    "confused_with": {}
  },
  "fee_type": {
    "precision": 1.0,
    "recall": 1.0,
    "f1-score": 1.0,
    "support": 114,
    "confused_with": {}
  },
  "grade.upgraded_grade": {
    "precision": 0.9387755102040817,
    "recall": 1.0,
    "f1-score": 0.968421052631579,
    "support": 46,
    "confused_with": {}
  },
  "grade.current_grade": {
    "precision": 1.0,
    "recall": 0.9781021897810219,
    "f1-score": 0.988929889298893,
    "support": 137,
    "confused_with": {
      "grade.upgraded_grade": 3
    }
  },
  "study_mode": {
    "precision": 0.978494623655914,
    "recall": 1.0,
    "f1-score": 0.9891304347826088,
    "support": 91,
    "confused_with": {}
  },
  "micro avg": {
    "precision": 0.9931600547195623,
    "recall": 0.9958847736625515,
    "f1-score": 0.9945205479452055,
    "support": 729
  },
  "macro avg": {
    "precision": 0.9862116889766659,
    "recall": 0.9963503649635036,
    "f1-score": 0.9910802294521801,
    "support": 729
  },
  "weighted avg": {
    "precision": 0.9934522417312426,
    "recall": 0.9958847736625515,
    "f1-score": 0.9945701410428235,
    "support": 729
  },
  "accuracy": 0.9990948587979724
}