{
  "grade.upgraded_grade": {
    "precision": 0.9333333333333333,
    "recall": 1.0,
    "f1-score": 0.9655172413793104,
    "support": 56,
    "confused_with": {}
  },
  "upgradation_mode": {
    "precision": 1.0,
    "recall": 0.9969788519637462,
    "f1-score": 0.9984871406959154,
    "support": 331,
    "confused_with": {}
  },
  "study_mode": {
    "precision": 0.9708333333333333,
    "recall": 1.0,
    "f1-score": 0.985200845665962,
    "support": 233,
    "confused_with": {}
  },
  "fee_type": {
    "precision": 1.0,
    "recall": 1.0,
    "f1-score": 1.0,
    "support": 114,
    "confused_with": {}
  },
  "subject": {
    "precision": 1.0,
    "recall": 1.0,
    "f1-score": 1.0,
    "support": 28,
    "confused_with": {}
  },
  "grade.current_grade": {
    "precision": 1.0,
    "recall": 0.9865771812080537,
    "f1-score": 0.9932432432432432,
    "support": 149,
    "confused_with": {
      "grade.upgraded_grade": 2
    }
  },
  "micro avg": {
    "precision": 0.9880304678998912,
    "recall": 0.9967069154774972,
    "f1-score": 0.9923497267759563,
    "support": 911
  },
  "macro avg": {
    "precision": 0.9840277777777778,
    "recall": 0.9972593388619666,
    "f1-score": 0.9904080784974051,
    "support": 911
  },
  "weighted avg": {
    "precision": 0.988442188071716,
    "recall": 0.9967069154774972,
    "f1-score": 0.9924404493644366,
    "support": 911
  },
  "accuracy": 0.9979159430357764
}