{
  "inquire_about_medal_scholarship_upgradation_criteria": {
    "precision": 0.9375,
    "recall": 1.0,
    "f1-score": 0.967741935483871,
    "support": 30,
    "confused_with": {}
  },
  "ask_about_subject_re_enrollment": {
    "precision": 0.8181818181818182,
    "recall": 0.9473684210526315,
    "f1-score": 0.8780487804878049,
    "support": 19,
    "confused_with": {
      "ask_about_registration": 1
    }
  },
  "ask_fee_refund": {
    "precision": 0.9565217391304348,
    "recall": 0.88,
    "f1-score": 0.9166666666666666,
    "support": 25,
    "confused_with": {
      "ask_fee_details": 2,
      "deny": 1
    }
  },
  "ask_fee_details": {
    "precision": 0.9577464788732394,
    "recall": 1.0,
    "f1-score": 0.9784172661870503,
    "support": 68,
    "confused_with": {}
  },
  "affirm": {
    "precision": 0.8,
    "recall": 0.7058823529411765,
    "f1-score": 0.7500000000000001,
    "support": 17,
    "confused_with": {
      "goodbye": 2,
      "entered_grade": 2
    }
  },
  "ask_about_timetable": {
    "precision": 0.9166666666666666,
    "recall": 1.0,
    "f1-score": 0.9565217391304348,
    "support": 22,
    "confused_with": {}
  },
  "deny": {
    "precision": 0.875,
    "recall": 0.4117647058823529,
    "f1-score": 0.56,
    "support": 17,
    "confused_with": {
      "entered_grade": 3,
      "affirm": 2
    }
  },
  "entered_grade": {
    "precision": 0.5769230769230769,
    "recall": 0.8333333333333334,
    "f1-score": 0.6818181818181818,
    "support": 18,
    "confused_with": {
      "inquire_about_grade_upgradation_eligibility": 3
    }
  },
  "explain_grade_improvement_process": {
    "precision": 0.7142857142857143,
    "recall": 0.47619047619047616,
    "f1-score": 0.5714285714285714,
    "support": 21,
    "confused_with": {
      "inquire_about_grade_upgradation_eligibility": 9,
      "confirm_self_study_conditions": 1
    }
  },
  "entered_subject": {
    "precision": 0.9375,
    "recall": 0.9375,
    "f1-score": 0.9375,
    "support": 16,
    "confused_with": {
      "entered_grade": 1
    }
  },
  "greet": {
    "precision": 0.8333333333333334,
    "recall": 0.7142857142857143,
    "f1-score": 0.7692307692307692,
    "support": 14,
    "confused_with": {
      "entered_grade": 3,
      "affirm": 1
    }
  },
  "ask_about_registration": {
    "precision": 0.9375,
    "recall": 0.7894736842105263,
    "f1-score": 0.8571428571428572,
    "support": 19,
    "confused_with": {
      "explain_grade_improvement_process": 1,
      "entered_subject": 1
    }
  },
  "ask_subject_limitation": {
    "precision": 1.0,
    "recall": 1.0,
    "f1-score": 1.0,
    "support": 41,
    "confused_with": {}
  },
  "ask_about_tenure": {
    "precision": 0.9230769230769231,
    "recall": 0.8,
    "f1-score": 0.8571428571428571,
    "support": 15,
    "confused_with": {
      "ask_about_timetable": 2,
      "ask_about_upgradation_modes": 1
    }
  },
  "ask_exam_process": {
    "precision": 0.8888888888888888,
    "recall": 1.0,
    "f1-score": 0.9411764705882353,
    "support": 24,
    "confused_with": {}
  },
  "inquire_about_grade_upgradation_eligibility": {
    "precision": 0.8602150537634409,
    "recall": 0.9302325581395349,
    "f1-score": 0.893854748603352,
    "support": 86,
    "confused_with": {
      "inquire_about_medal_scholarship_upgradation_criteria": 2,
      "ask_about_subject_re_enrollment": 2
    }
  },
  "goodbye": {
    "precision": 0.6666666666666666,
    "recall": 0.6,
    "f1-score": 0.631578947368421,
    "support": 10,
    "confused_with": {
      "greet": 2,
      "entered_grade": 2
    }
  },
  "ask_about_upgradation_modes": {
    "precision": 0.88,
    "recall": 0.88,
    "f1-score": 0.88,
    "support": 25,
    "confused_with": {
      "ask_exam_process": 2,
      "ask_fee_details": 1
    }
  },
  "confirm_self_study_conditions": {
    "precision": 0.9897959183673469,
    "recall": 0.9897959183673469,
    "f1-score": 0.9897959183673469,
    "support": 98,
    "confused_with": {
      "inquire_about_grade_upgradation_eligibility": 1
    }
  },
  "accuracy": 0.8991452991452992,
  "macro avg": {
    "precision": 0.8668316988503972,
    "recall": 0.8366224823370049,
    "f1-score": 0.8430560899813906,
    "support": 585
  },
  "weighted avg": {
    "precision": 0.9009236850852207,
    "recall": 0.8991452991452992,
    "f1-score": 0.8947659012898214,
    "support": 585
  },
  "micro avg": {
    "precision": 0.8991452991452992,
    "recall": 0.8991452991452992,
    "f1-score": 0.8991452991452992,
    "support": 585
  }
}